{
  "/data1/wty/standard_models/SCWSFT": {
    "medqa": {
      "accuracy": 0.3110761979575805,
      "total_samples": 1273
    },
    "mmlu": {
      "accuracy": 0.2570281124497992,
      "total_samples": 2739
    },
    "medmcqa": {
      "accuracy": 0.3150848673201052,
      "total_samples": 4183
    }
  }
}